acc,agent,n_alt,seed
0.1689485069097332,S0-L0,0,0
0.18046413425324112,S1-L0,0,0
0.20806783099340356,S1-L_alt,1,0
0.225078118123486,S1-L_alt,2,0
0.23624896806722226,S1-L_alt,3,0
0.24746833202062726,S1-L_alt,4,0
0.25350641239071897,S1-L_alt,5,0
0.2581528804404027,S1-L_alt,6,0
0.2643641588207403,S1-L_alt,7,0
0.2700446137740408,S1-L_alt,8,0
0.273355555094954,S1-L_alt,9,0
0.27629432135562704,S1-L_alt,10,0
0.2792824764728331,S1-L_alt,11,0
0.28206756137833616,S1-L_alt,12,0
0.28796711775508393,S1-L_alt,13,0
0.2908877582896677,S1-L_alt,14,0
0.29399066474831137,S1-L_alt,15,0
0.2963253466757579,S1-L_alt,16,0
0.2994269625164134,S1-L_alt,17,0
0.302329631100671,S1-L_alt,18,0
0.30419881670075666,S1-L_alt,19,0
0.30568266390955623,S1-L_alt,20,0
0.30795112308931705,S1-L_alt,21,0
0.30881749513519785,S1-L_alt,22,0
0.31187543923849104,S1-L_alt,23,0
0.31445769715562794,S1-L_alt,24,0
0.3154561251161726,S1-L_alt,25,0
0.31626187588573473,S1-L_alt,26,0
0.3201334012628491,S1-L_alt,27,0
0.3233349615835329,S1-L_alt,28,0
0.3249374692537062,S1-L_alt,29,0
0.3296241518414718,S1-L_alt,30,0
0.3276168680269542,S1-L_alt,31,0
0.3303080990762793,S1-L_alt,32,0
0.3306279094065136,S1-L_alt,33,0
0.3325398719152302,S1-L_alt,34,0
0.3336181436062172,S1-L_alt,35,0
0.33473413990994866,S1-L_alt,36,0
0.3355946897460019,S1-L_alt,37,0
0.336936587806048,S1-L_alt,38,0
0.337011036112222,S1-L_alt,39,0
0.3373315281615827,S1-L_alt,40,0
0.3385187857770973,S1-L_alt,41,0
0.3412539695613264,S1-L_alt,42,0
0.3424164649150356,S1-L_alt,43,0
0.34339115645447826,S1-L_alt,44,0
0.3432581412632554,S1-L_alt,45,0
0.34349069142498306,S1-L_alt,46,0
0.34491182050663033,S1-L_alt,47,0
0.3456698383073099,S1-L_alt,48,0
0.34629132706154536,S1-L_alt,49,0
0.3471668639093884,S1-L_alt,50,0
0.3465868539263338,S1-L_alt,51,0
0.34685514785262306,S1-L_alt,52,0
0.34790266849155915,S1-L_alt,53,0
0.34908431673484785,S1-L_alt,54,0
0.3494669098307145,S1-L_alt,55,0
0.34956136853063696,S1-L_alt,56,0
0.34984503869216554,S1-L_alt,57,0
0.35046789696701586,S1-L_alt,58,0
0.35115912401558125,S1-L_alt,59,0
0.3514158789265349,S1-L_alt,60,0
0.3527665161512126,S1-L_alt,61,0
0.3544156955347241,S1-L_alt,62,0
0.35525400394197004,S1-L_alt,63,0
0.35569482501391714,S1-L_alt,64,0
0.35648614086467745,S1-L_alt,65,0
0.35701259736098073,S1-L_alt,66,0
0.35728042255678305,S1-L_alt,67,0
0.360152935306584,S1-L_alt,68,0
0.3619577915646609,S1-L_alt,69,0
0.3629825774378589,S1-L_alt,70,0
0.3604711843796881,S1-L_alt,71,0
0.3601609066570985,S1-L_alt,72,0
0.3605856131494482,S1-L_alt,73,0
0.3636555824193216,S1-L_alt,74,0
0.36475342215091655,S1-L_alt,75,0
0.3650620693498831,S1-L_alt,76,0
0.3604488815646051,S1-L_alt,77,0
0.3608219367236869,S1-L_alt,78,0
0.36075450873036496,S1-L_alt,79,0
0.360387920581118,S1-L_alt,80,0
0.3610955426258621,S1-L_alt,81,0
0.36137927274460496,S1-L_alt,82,0
0.3618136584215496,S1-L_alt,83,0
0.3622224455736312,S1-L_alt,84,0
0.3625312084701395,S1-L_alt,85,0
0.3627694188956605,S1-L_alt,86,0
0.36314723414976335,S1-L_alt,87,0
0.3646764114252901,S1-L_alt,88,0
0.3660272155339528,S1-L_alt,89,0
0.366263261853377,S1-L_alt,90,0
0.3664068658509183,S1-L_alt,91,0
0.3663596407515117,S1-L_alt,92,0
0.367268797297512,S1-L_alt,93,0
0.3676065467101529,S1-L_alt,94,0
0.3684245747686377,S1-L_alt,95,0
0.368806574455964,S1-L_alt,96,0
0.3690553520059848,S1-L_alt,97,0
0.3693776334921126,S1-L_alt,98,0
0.3709286366391275,S1-L_alt,99,0
0.3712662291708569,S1-L_alt,100,0
0.3697534458975016,S1-L_alt,101,0
0.369892574315609,S1-L_alt,102,0
0.3701647079837283,S1-L_alt,103,0
0.37075171058171696,S1-L_alt,104,0
0.3709825159128606,S1-L_alt,105,0
0.3700712441361936,S1-L_alt,106,0
0.3704222721755285,S1-L_alt,107,0
0.3683339031738031,S1-L_alt,108,0
0.3684662292741767,S1-L_alt,109,0
0.368739832014307,S1-L_alt,110,0
0.3692049255683924,S1-L_alt,111,0
0.3699197253697648,S1-L_alt,112,0
0.3708382200099678,S1-L_alt,113,0
0.3711807093055801,S1-L_alt,114,0
0.3712909430251907,S1-L_alt,115,0
0.37146486728917616,S1-L_alt,116,0
0.37159630301455737,S1-L_alt,117,0
0.371776303517719,S1-L_alt,118,0
0.3720924315083077,S1-L_alt,119,0
0.37200988505604776,S1-L_alt,120,0
0.3724345515391763,S1-L_alt,121,0
0.3731916489959023,S1-L_alt,122,0
0.37376286826224414,S1-L_alt,123,0
0.3750446209354258,S1-L_alt,124,0
0.3752254096194193,S1-L_alt,125,0
0.4034222810470938,S1-L1,126,0
0.37510776878251395,S1-L_alt,126,0
0.166040131787482,S0-L0,0,1
0.17929950602297404,S1-L0,0,1
0.21408799176068474,S1-L_alt,1,1
0.2288741527569517,S1-L_alt,2,1
0.2396111024327208,S1-L_alt,3,1
0.24686488166578915,S1-L_alt,4,1
0.2532680875239266,S1-L_alt,5,1
0.2591070070538179,S1-L_alt,6,1
0.2647523566671732,S1-L_alt,7,1
0.2696414362633933,S1-L_alt,8,1
0.2748785913815384,S1-L_alt,9,1
0.2797207404306583,S1-L_alt,10,1
0.28509202031865977,S1-L_alt,11,1
0.2891196418109437,S1-L_alt,12,1
0.2960837667295178,S1-L_alt,13,1
0.29934832660574623,S1-L_alt,14,1
0.30090522520114005,S1-L_alt,15,1
0.301889652864416,S1-L_alt,16,1
0.3051232311025229,S1-L_alt,17,1
0.30671486838879863,S1-L_alt,18,1
0.30644087183920593,S1-L_alt,19,1
0.3063976105534653,S1-L_alt,20,1
0.3088411282473582,S1-L_alt,21,1
0.3112919390494324,S1-L_alt,22,1
0.3138161936676048,S1-L_alt,23,1
0.3163183423988554,S1-L_alt,24,1
0.3183956828777545,S1-L_alt,25,1
0.3195919506373825,S1-L_alt,26,1
0.3205766966165357,S1-L_alt,27,1
0.3221130762219998,S1-L_alt,28,1
0.31927383347942706,S1-L_alt,29,1
0.3185025617865762,S1-L_alt,30,1
0.3184756081988386,S1-L_alt,31,1
0.3223279851277717,S1-L_alt,32,1
0.32205876552786245,S1-L_alt,33,1
0.3232250003359605,S1-L_alt,34,1
0.3233440600330914,S1-L_alt,35,1
0.3245186846259668,S1-L_alt,36,1
0.32543024608144605,S1-L_alt,37,1
0.3277229383564338,S1-L_alt,38,1
0.32901897576199346,S1-L_alt,39,1
0.32902631188255194,S1-L_alt,40,1
0.3297725794553159,S1-L_alt,41,1
0.3302762466040124,S1-L_alt,42,1
0.3308114010617033,S1-L_alt,43,1
0.3312047871473445,S1-L_alt,44,1
0.3313684953063658,S1-L_alt,45,1
0.3321761915457109,S1-L_alt,46,1
0.3350852553426359,S1-L_alt,47,1
0.33471447469671084,S1-L_alt,48,1
0.33558039065526857,S1-L_alt,49,1
0.3351065476616168,S1-L_alt,50,1
0.3358518151839964,S1-L_alt,51,1
0.3360494370835605,S1-L_alt,52,1
0.3364449386917642,S1-L_alt,53,1
0.3368569010852662,S1-L_alt,54,1
0.33829292581543763,S1-L_alt,55,1
0.3392130984689772,S1-L_alt,56,1
0.3406026497333411,S1-L_alt,57,1
0.3414546919365665,S1-L_alt,58,1
0.3419158233870836,S1-L_alt,59,1
0.3421200832703915,S1-L_alt,60,1
0.3406703037912696,S1-L_alt,61,1
0.342063197160448,S1-L_alt,62,1
0.34297394667368564,S1-L_alt,63,1
0.34410989208549514,S1-L_alt,64,1
0.3447957246982837,S1-L_alt,65,1
0.34589564223425434,S1-L_alt,66,1
0.3456957517839648,S1-L_alt,67,1
0.3462230927362253,S1-L_alt,68,1
0.3465772520194603,S1-L_alt,69,1
0.34757550249411323,S1-L_alt,70,1
0.3478030691697612,S1-L_alt,71,1
0.3485781764949283,S1-L_alt,72,1
0.34906770765262835,S1-L_alt,73,1
0.34948539028115505,S1-L_alt,74,1
0.3461277325124087,S1-L_alt,75,1
0.3463817485496468,S1-L_alt,76,1
0.3468560816893516,S1-L_alt,77,1
0.3476436315463997,S1-L_alt,78,1
0.3474187279411394,S1-L_alt,79,1
0.34774697737716154,S1-L_alt,80,1
0.3477959142788179,S1-L_alt,81,1
0.3480707258120765,S1-L_alt,82,1
0.3483909910127715,S1-L_alt,83,1
0.34674902978294675,S1-L_alt,84,1
0.3475335449012512,S1-L_alt,85,1
0.3478068700794993,S1-L_alt,86,1
0.3478668441281081,S1-L_alt,87,1
0.3474360658731846,S1-L_alt,88,1
0.3468848469922685,S1-L_alt,89,1
0.34686910164806306,S1-L_alt,90,1
0.34740429362839365,S1-L_alt,91,1
0.34572532188827515,S1-L_alt,92,1
0.34609255830144803,S1-L_alt,93,1
0.3454873123924513,S1-L_alt,94,1
0.34556277393811763,S1-L_alt,95,1
0.3454488282774053,S1-L_alt,96,1
0.3459626091994606,S1-L_alt,97,1
0.3460745322679285,S1-L_alt,98,1
0.3464973382515158,S1-L_alt,99,1
0.34659947449066,S1-L_alt,100,1
0.3490159037594646,S1-L_alt,101,1
0.3491736258821365,S1-L_alt,102,1
0.3496375008790025,S1-L_alt,103,1
0.3498442338636004,S1-L_alt,104,1
0.3507937181888793,S1-L_alt,105,1
0.3510250063681423,S1-L_alt,106,1
0.3512633105564196,S1-L_alt,107,1
0.3514535258443148,S1-L_alt,108,1
0.3516530080473255,S1-L_alt,109,1
0.3512359109059123,S1-L_alt,110,1
0.35142943199023785,S1-L_alt,111,1
0.3514526445537851,S1-L_alt,112,1
0.3517322790010482,S1-L_alt,113,1
0.3522386770850697,S1-L_alt,114,1
0.354595525565516,S1-L_alt,115,1
0.3547183296110372,S1-L_alt,116,1
0.35532968346599586,S1-L_alt,117,1
0.3558577978684554,S1-L_alt,118,1
0.35678833274079685,S1-L_alt,119,1
0.3572143993085741,S1-L_alt,120,1
0.3576260064483239,S1-L_alt,121,1
0.35758188313105826,S1-L_alt,122,1
0.3577331418055519,S1-L_alt,123,1
0.3578400164017068,S1-L_alt,124,1
0.35823927240618336,S1-L_alt,125,1
0.3884317870016018,S1-L1,126,1
0.35847861189791336,S1-L_alt,126,1
0.2064605003291639,S0-L0,0,2
0.21465835240599174,S1-L0,0,2
0.25857936021503525,S1-L_alt,1,2
0.2851063829335461,S1-L_alt,2,2
0.3047934149301658,S1-L_alt,3,2
0.32075906609151866,S1-L_alt,4,2
0.3301714501108103,S1-L_alt,5,2
0.34147799544121393,S1-L_alt,6,2
0.3559545368830257,S1-L_alt,7,2
0.3612373849604333,S1-L_alt,8,2
0.3689843025800315,S1-L_alt,9,2
0.3728721495394325,S1-L_alt,10,2
0.3761705311675883,S1-L_alt,11,2
0.37888936968195536,S1-L_alt,12,2
0.38123602470183626,S1-L_alt,13,2
0.3848211565666855,S1-L_alt,14,2
0.3903214722503503,S1-L_alt,15,2
0.3946821201453474,S1-L_alt,16,2
0.39613041602613214,S1-L_alt,17,2
0.3973508733215828,S1-L_alt,18,2
0.396399755134213,S1-L_alt,19,2
0.3982710696969881,S1-L_alt,20,2
0.4001751472206099,S1-L_alt,21,2
0.40275380598633576,S1-L_alt,22,2
0.4055708182420511,S1-L_alt,23,2
0.4071219847291511,S1-L_alt,24,2
0.40885199428932784,S1-L_alt,25,2
0.4097439836300629,S1-L_alt,26,2
0.4104105420147329,S1-L_alt,27,2
0.4117166276519817,S1-L_alt,28,2
0.4127441251084559,S1-L_alt,29,2
0.4139385913513525,S1-L_alt,30,2
0.4158116725529168,S1-L_alt,31,2
0.4190226563934892,S1-L_alt,32,2
0.4229025339079371,S1-L_alt,33,2
0.4233109703364185,S1-L_alt,34,2
0.4244053936214341,S1-L_alt,35,2
0.4249989522574918,S1-L_alt,36,2
0.42616759735751936,S1-L_alt,37,2
0.4294159064041224,S1-L_alt,38,2
0.4288540622057557,S1-L_alt,39,2
0.4307522385219053,S1-L_alt,40,2
0.43161050205735496,S1-L_alt,41,2
0.43204101122173344,S1-L_alt,42,2
0.4331137985593398,S1-L_alt,43,2
0.43321857170496775,S1-L_alt,44,2
0.4339030895389439,S1-L_alt,45,2
0.4361017844597372,S1-L_alt,46,2
0.4370722776502711,S1-L_alt,47,2
0.4377283347827632,S1-L_alt,48,2
0.4383637220978185,S1-L_alt,49,2
0.4386805359700836,S1-L_alt,50,2
0.44386186830828905,S1-L_alt,51,2
0.4443811779093012,S1-L_alt,52,2
0.4440814317024115,S1-L_alt,53,2
0.44717299185295706,S1-L_alt,54,2
0.44732999855349803,S1-L_alt,55,2
0.44951068880784495,S1-L_alt,56,2
0.4513209521735777,S1-L_alt,57,2
0.45260827497055395,S1-L_alt,58,2
0.4525062672894506,S1-L_alt,59,2
0.4521818176292272,S1-L_alt,60,2
0.452589886237669,S1-L_alt,61,2
0.4547668879410969,S1-L_alt,62,2
0.4552382168270306,S1-L_alt,63,2
0.4556957927077554,S1-L_alt,64,2
0.4564258254991944,S1-L_alt,65,2
0.4575738584201672,S1-L_alt,66,2
0.4582029529522061,S1-L_alt,67,2
0.45981789301533105,S1-L_alt,68,2
0.4618168484120199,S1-L_alt,69,2
0.4629367956056607,S1-L_alt,70,2
0.4649387030611311,S1-L_alt,71,2
0.464066281677251,S1-L_alt,72,2
0.4640791529723429,S1-L_alt,73,2
0.4606663133413291,S1-L_alt,74,2
0.4605233891077365,S1-L_alt,75,2
0.4607172951780984,S1-L_alt,76,2
0.4586168702774272,S1-L_alt,77,2
0.4584766917084665,S1-L_alt,78,2
0.4602007612658652,S1-L_alt,79,2
0.461350487881536,S1-L_alt,80,2
0.4620529432046637,S1-L_alt,81,2
0.4621767353985007,S1-L_alt,82,2
0.4625249885814242,S1-L_alt,83,2
0.4625889146751704,S1-L_alt,84,2
0.4632638297784066,S1-L_alt,85,2
0.4638044195167039,S1-L_alt,86,2
0.4651500947823901,S1-L_alt,87,2
0.4653157241592714,S1-L_alt,88,2
0.4656351316462333,S1-L_alt,89,2
0.4657564198631125,S1-L_alt,90,2
0.4670705968006273,S1-L_alt,91,2
0.4672997386194648,S1-L_alt,92,2
0.4698157386969517,S1-L_alt,93,2
0.4708586540470482,S1-L_alt,94,2
0.4709964957551751,S1-L_alt,95,2
0.4712789759299249,S1-L_alt,96,2
0.4720832963254928,S1-L_alt,97,2
0.4723372237076828,S1-L_alt,98,2
0.4729607865474474,S1-L_alt,99,2
0.4746404907895873,S1-L_alt,100,2
0.4751076250948681,S1-L_alt,101,2
0.4756408479726358,S1-L_alt,102,2
0.47578489120869105,S1-L_alt,103,2
0.4755647079846944,S1-L_alt,104,2
0.4755735911455858,S1-L_alt,105,2
0.4760212617962032,S1-L_alt,106,2
0.47651361716012297,S1-L_alt,107,2
0.4765442872586135,S1-L_alt,108,2
0.4771898254557138,S1-L_alt,109,2
0.4775231593025387,S1-L_alt,110,2
0.47778045229164,S1-L_alt,111,2
0.4779566673126031,S1-L_alt,112,2
0.4786139310387551,S1-L_alt,113,2
0.4786677777878222,S1-L_alt,114,2
0.4787501160613389,S1-L_alt,115,2
0.4789562020762477,S1-L_alt,116,2
0.4789894065512253,S1-L_alt,117,2
0.4792895545943734,S1-L_alt,118,2
0.4752429060596313,S1-L_alt,119,2
0.4754951988110504,S1-L_alt,120,2
0.4792353559632357,S1-L_alt,121,2
0.480083144386626,S1-L_alt,122,2
0.4801705934632039,S1-L_alt,123,2
0.4803893382114134,S1-L_alt,124,2
0.4805406118468742,S1-L_alt,125,2
0.5138821173248753,S1-L1,126,2
0.4809375697024825,S1-L_alt,126,2
0.20412110062663055,S0-L0,0,3
0.21182538437734053,S1-L0,0,3
0.24148557019289066,S1-L_alt,1,3
0.2641746147135833,S1-L_alt,2,3
0.2898117253760446,S1-L_alt,3,3
0.3057378520861771,S1-L_alt,4,3
0.3143068201054655,S1-L_alt,5,3
0.3231193716764345,S1-L_alt,6,3
0.33520205963339456,S1-L_alt,7,3
0.34043663458542583,S1-L_alt,8,3
0.3449575577952129,S1-L_alt,9,3
0.3485671977361793,S1-L_alt,10,3
0.3548360000863304,S1-L_alt,11,3
0.3645490551821368,S1-L_alt,12,3
0.3693120166138815,S1-L_alt,13,3
0.3796788428950824,S1-L_alt,14,3
0.3824231531377352,S1-L_alt,15,3
0.3862661007707351,S1-L_alt,16,3
0.38835365472956895,S1-L_alt,17,3
0.3892932497004884,S1-L_alt,18,3
0.3901510346030272,S1-L_alt,19,3
0.394394612390962,S1-L_alt,20,3
0.3980729387549362,S1-L_alt,21,3
0.40127583644452003,S1-L_alt,22,3
0.4023673730728742,S1-L_alt,23,3
0.4058530358413318,S1-L_alt,24,3
0.4073085683624235,S1-L_alt,25,3
0.4100982119234093,S1-L_alt,26,3
0.4148198210944195,S1-L_alt,27,3
0.4177991990789715,S1-L_alt,28,3
0.4194692426609489,S1-L_alt,29,3
0.4249653046829732,S1-L_alt,30,3
0.42638969532397936,S1-L_alt,31,3
0.4260646254776001,S1-L_alt,32,3
0.4270184553629674,S1-L_alt,33,3
0.4274949378975022,S1-L_alt,34,3
0.4306620371084539,S1-L_alt,35,3
0.4324455520322594,S1-L_alt,36,3
0.4330260874264314,S1-L_alt,37,3
0.4343258032473909,S1-L_alt,38,3
0.4347384607323546,S1-L_alt,39,3
0.4372741831683949,S1-L_alt,40,3
0.4367955900239855,S1-L_alt,41,3
0.437265075418724,S1-L_alt,42,3
0.4378559369294479,S1-L_alt,43,3
0.4401644979616559,S1-L_alt,44,3
0.4418133510967136,S1-L_alt,45,3
0.4429331384882946,S1-L_alt,46,3
0.443605269466646,S1-L_alt,47,3
0.4445659238904195,S1-L_alt,48,3
0.4446653084596588,S1-L_alt,49,3
0.44102608282403777,S1-L_alt,50,3
0.4419759843470221,S1-L_alt,51,3
0.4439045129252219,S1-L_alt,52,3
0.44530428414383744,S1-L_alt,53,3
0.4457233832391381,S1-L_alt,54,3
0.4478863798961936,S1-L_alt,55,3
0.4481357040540419,S1-L_alt,56,3
0.4501917003173597,S1-L_alt,57,3
0.4502061431196248,S1-L_alt,58,3
0.4508159389165554,S1-L_alt,59,3
0.4511105956359739,S1-L_alt,60,3
0.4518206564909719,S1-L_alt,61,3
0.4528397381398415,S1-L_alt,62,3
0.4538688701731625,S1-L_alt,63,3
0.4555362486628445,S1-L_alt,64,3
0.4558605685536901,S1-L_alt,65,3
0.4569764258622213,S1-L_alt,66,3
0.4577837330453853,S1-L_alt,67,3
0.45919479380652,S1-L_alt,68,3
0.4605536364548303,S1-L_alt,69,3
0.4619314231455144,S1-L_alt,70,3
0.4643134663288432,S1-L_alt,71,3
0.465241850679586,S1-L_alt,72,3
0.4654886689088602,S1-L_alt,73,3
0.4658154435153171,S1-L_alt,74,3
0.4658636275078256,S1-L_alt,75,3
0.4663842513001633,S1-L_alt,76,3
0.4677035593340748,S1-L_alt,77,3
0.4678067390714091,S1-L_alt,78,3
0.4684533721542883,S1-L_alt,79,3
0.4691175616173766,S1-L_alt,80,3
0.4695228720112641,S1-L_alt,81,3
0.4700097161349707,S1-L_alt,82,3
0.4703205406928858,S1-L_alt,83,3
0.4705257947022898,S1-L_alt,84,3
0.4664219447111631,S1-L_alt,85,3
0.4669258984195561,S1-L_alt,86,3
0.4677200839915489,S1-L_alt,87,3
0.4660036797540456,S1-L_alt,88,3
0.4670825466699535,S1-L_alt,89,3
0.4672729719498105,S1-L_alt,90,3
0.4677496833077605,S1-L_alt,91,3
0.4691410869618586,S1-L_alt,92,3
0.4700389842544154,S1-L_alt,93,3
0.4705978064237586,S1-L_alt,94,3
0.4708683341220661,S1-L_alt,95,3
0.4713489235230175,S1-L_alt,96,3
0.4712783305938706,S1-L_alt,97,3
0.472047241054163,S1-L_alt,98,3
0.473248584203489,S1-L_alt,99,3
0.4742522088267593,S1-L_alt,100,3
0.4761104346503749,S1-L_alt,101,3
0.476993314671579,S1-L_alt,102,3
0.47710295038438,S1-L_alt,103,3
0.4778037569815565,S1-L_alt,104,3
0.4783204757375513,S1-L_alt,105,3
0.4785427845928366,S1-L_alt,106,3
0.4786403510763728,S1-L_alt,107,3
0.4796605470537096,S1-L_alt,108,3
0.4798730898462994,S1-L_alt,109,3
0.4811317757737691,S1-L_alt,110,3
0.48112484952812395,S1-L_alt,111,3
0.4812750848190203,S1-L_alt,112,3
0.4827868770377113,S1-L_alt,113,3
0.4825920210094751,S1-L_alt,114,3
0.4833169792379434,S1-L_alt,115,3
0.483053824052776,S1-L_alt,116,3
0.4828494122770211,S1-L_alt,117,3
0.4830465694219508,S1-L_alt,118,3
0.4830418385745134,S1-L_alt,119,3
0.4805078985767514,S1-L_alt,120,3
0.4805845497776343,S1-L_alt,121,3
0.480930515985487,S1-L_alt,122,3
0.4827266158251876,S1-L_alt,123,3
0.4833716809723683,S1-L_alt,124,3
0.4851263880014096,S1-L_alt,125,3
0.5372984414559778,S1-L1,126,3
0.4857769866828762,S1-L_alt,126,3
0.17119295954941116,S0-L0,0,4
0.1855739064565365,S1-L0,0,4
0.21685917169140656,S1-L_alt,1,4
0.2341873370490582,S1-L_alt,2,4
0.24665457963716306,S1-L_alt,3,4
0.25245411478434543,S1-L_alt,4,4
0.2595574049223385,S1-L_alt,5,4
0.2660242888182883,S1-L_alt,6,4
0.27129693018414025,S1-L_alt,7,4
0.2745157563560617,S1-L_alt,8,4
0.2798272375589763,S1-L_alt,9,4
0.2839991936205617,S1-L_alt,10,4
0.2860684979759521,S1-L_alt,11,4
0.28843948418249504,S1-L_alt,12,4
0.28896746483291536,S1-L_alt,13,4
0.2909315280659751,S1-L_alt,14,4
0.29255270415347984,S1-L_alt,15,4
0.2928752853469786,S1-L_alt,16,4
0.29809448386869536,S1-L_alt,17,4
0.2987837407374257,S1-L_alt,18,4
0.30476811625128103,S1-L_alt,19,4
0.3052848826185328,S1-L_alt,20,4
0.3065961018919891,S1-L_alt,21,4
0.3110160252464443,S1-L_alt,22,4
0.3121165226581209,S1-L_alt,23,4
0.3126045606821952,S1-L_alt,24,4
0.31436274110675205,S1-L_alt,25,4
0.3162145170509841,S1-L_alt,26,4
0.32005238439945205,S1-L_alt,27,4
0.3237304689211179,S1-L_alt,28,4
0.3239397369586431,S1-L_alt,29,4
0.3262152263766737,S1-L_alt,30,4
0.32543658086622324,S1-L_alt,31,4
0.3269586817102421,S1-L_alt,32,4
0.32744434048721177,S1-L_alt,33,4
0.328346959795846,S1-L_alt,34,4
0.3282974246462792,S1-L_alt,35,4
0.33112045244010896,S1-L_alt,36,4
0.3303836057089973,S1-L_alt,37,4
0.33167677709692284,S1-L_alt,38,4
0.3365485105128886,S1-L_alt,39,4
0.3374303907335435,S1-L_alt,40,4
0.3377182524623239,S1-L_alt,41,4
0.33798690849280105,S1-L_alt,42,4
0.3384723223766556,S1-L_alt,43,4
0.3414294121797103,S1-L_alt,44,4
0.3431351253860744,S1-L_alt,45,4
0.342443905499594,S1-L_alt,46,4
0.3426494654180906,S1-L_alt,47,4
0.3423756440572277,S1-L_alt,48,4
0.3422460069270791,S1-L_alt,49,4
0.3418652212768369,S1-L_alt,50,4
0.343573391519024,S1-L_alt,51,4
0.34735584088732485,S1-L_alt,52,4
0.3483000185334643,S1-L_alt,53,4
0.3506389863397781,S1-L_alt,54,4
0.3512490161184282,S1-L_alt,55,4
0.3516931602215669,S1-L_alt,56,4
0.35189694926625464,S1-L_alt,57,4
0.3517733141675115,S1-L_alt,58,4
0.3532224556113013,S1-L_alt,59,4
0.35450570086140004,S1-L_alt,60,4
0.3570842697402966,S1-L_alt,61,4
0.3575300154685552,S1-L_alt,62,4
0.3578070871951548,S1-L_alt,63,4
0.3590682064190237,S1-L_alt,64,4
0.3587918465616544,S1-L_alt,65,4
0.3600506562996011,S1-L_alt,66,4
0.3603953068949304,S1-L_alt,67,4
0.3615466609963364,S1-L_alt,68,4
0.362620721940346,S1-L_alt,69,4
0.3649522555662096,S1-L_alt,70,4
0.3650237348216966,S1-L_alt,71,4
0.3652007344461209,S1-L_alt,72,4
0.36655600411081,S1-L_alt,73,4
0.36786146970675626,S1-L_alt,74,4
0.3689130473669601,S1-L_alt,75,4
0.3696789482447423,S1-L_alt,76,4
0.3710202622461009,S1-L_alt,77,4
0.3722970642177445,S1-L_alt,78,4
0.3736237672254129,S1-L_alt,79,4
0.373826352346352,S1-L_alt,80,4
0.3733046539119115,S1-L_alt,81,4
0.3736084354455986,S1-L_alt,82,4
0.3742353661227381,S1-L_alt,83,4
0.3755317764909895,S1-L_alt,84,4
0.3792011194137758,S1-L_alt,85,4
0.3819759321731099,S1-L_alt,86,4
0.3823429970201083,S1-L_alt,87,4
0.37783002581000297,S1-L_alt,88,4
0.3782159460488165,S1-L_alt,89,4
0.3739505204877096,S1-L_alt,90,4
0.3746204134512652,S1-L_alt,91,4
0.3745705759098384,S1-L_alt,92,4
0.375112162032166,S1-L_alt,93,4
0.3750730616532635,S1-L_alt,94,4
0.37571881690009457,S1-L_alt,95,4
0.37746222263267704,S1-L_alt,96,4
0.3781351634764601,S1-L_alt,97,4
0.3782055656743629,S1-L_alt,98,4
0.3783977168472714,S1-L_alt,99,4
0.3804454278752181,S1-L_alt,100,4
0.3807778766181804,S1-L_alt,101,4
0.3809122075088818,S1-L_alt,102,4
0.3814732647222648,S1-L_alt,103,4
0.38235694143311627,S1-L_alt,104,4
0.38246347509745215,S1-L_alt,105,4
0.3829518427741618,S1-L_alt,106,4
0.3830118432754785,S1-L_alt,107,4
0.3832481077781712,S1-L_alt,108,4
0.38346018185409697,S1-L_alt,109,4
0.3840082618840453,S1-L_alt,110,4
0.3842517362173553,S1-L_alt,111,4
0.3843147681462,S1-L_alt,112,4
0.3852433227809587,S1-L_alt,113,4
0.3858650341112213,S1-L_alt,114,4
0.3860260613743961,S1-L_alt,115,4
0.3861937585266035,S1-L_alt,116,4
0.3873893064502283,S1-L_alt,117,4
0.3872894700925564,S1-L_alt,118,4
0.387545085101512,S1-L_alt,119,4
0.3880116125168154,S1-L_alt,120,4
0.38813640065892396,S1-L_alt,121,4
0.3857665563880917,S1-L_alt,122,4
0.3868895009933096,S1-L_alt,123,4
0.3867062253688791,S1-L_alt,124,4
0.3868280991249785,S1-L_alt,125,4
0.4268936728999839,S1-L1,126,4
0.38726133483365777,S1-L_alt,126,4
0.15230510824727414,S0-L0,0,5
0.15887144964701513,S1-L0,0,5
0.18340656701430585,S1-L_alt,1,5
0.2002169793890443,S1-L_alt,2,5
0.2132137147168224,S1-L_alt,3,5
0.22256684298560195,S1-L_alt,4,5
0.2314754447476429,S1-L_alt,5,5
0.2399962258757723,S1-L_alt,6,5
0.24635249392976746,S1-L_alt,7,5
0.2474910570000656,S1-L_alt,8,5
0.2513453833736393,S1-L_alt,9,5
0.25396485703948635,S1-L_alt,10,5
0.25667573922924897,S1-L_alt,11,5
0.2579566982274861,S1-L_alt,12,5
0.26146241811774995,S1-L_alt,13,5
0.2633284750764376,S1-L_alt,14,5
0.2648982718936933,S1-L_alt,15,5
0.2667837594243249,S1-L_alt,16,5
0.2729449786506927,S1-L_alt,17,5
0.27569077989607155,S1-L_alt,18,5
0.27723206200487605,S1-L_alt,19,5
0.2789791027075008,S1-L_alt,20,5
0.2818545620584551,S1-L_alt,21,5
0.2826187413888625,S1-L_alt,22,5
0.28381144246671874,S1-L_alt,23,5
0.2846639092631622,S1-L_alt,24,5
0.2858040508152118,S1-L_alt,25,5
0.2865007569586198,S1-L_alt,26,5
0.288020446112208,S1-L_alt,27,5
0.2898894305343743,S1-L_alt,28,5
0.2905988480789213,S1-L_alt,29,5
0.291317446539158,S1-L_alt,30,5
0.2927814005579879,S1-L_alt,31,5
0.29372753935703305,S1-L_alt,32,5
0.29516736651922365,S1-L_alt,33,5
0.2973226505561089,S1-L_alt,34,5
0.2968498172774763,S1-L_alt,35,5
0.297499976413749,S1-L_alt,36,5
0.2982290192103421,S1-L_alt,37,5
0.29916545665762784,S1-L_alt,38,5
0.29947640586937124,S1-L_alt,39,5
0.3002629695739297,S1-L_alt,40,5
0.3014867562737575,S1-L_alt,41,5
0.301734964312826,S1-L_alt,42,5
0.30089303542012585,S1-L_alt,43,5
0.3016914465067946,S1-L_alt,44,5
0.30243412054264884,S1-L_alt,45,5
0.3038855426255809,S1-L_alt,46,5
0.3036937810095301,S1-L_alt,47,5
0.3038383553575094,S1-L_alt,48,5
0.3044708154664437,S1-L_alt,49,5
0.304815617154386,S1-L_alt,50,5
0.3050842552506524,S1-L_alt,51,5
0.3056310637759923,S1-L_alt,52,5
0.3061518487072799,S1-L_alt,53,5
0.30670620831136,S1-L_alt,54,5
0.30772141204673764,S1-L_alt,55,5
0.3082980476690319,S1-L_alt,56,5
0.3089436520800966,S1-L_alt,57,5
0.30805892294591336,S1-L_alt,58,5
0.3091456297333339,S1-L_alt,59,5
0.3096038711022881,S1-L_alt,60,5
0.31126997055139244,S1-L_alt,61,5
0.31076836809995045,S1-L_alt,62,5
0.3111413715053473,S1-L_alt,63,5
0.3105211022561976,S1-L_alt,64,5
0.3114052165510697,S1-L_alt,65,5
0.3119676102163261,S1-L_alt,66,5
0.3123961959940291,S1-L_alt,67,5
0.3129987550155218,S1-L_alt,68,5
0.3135393124624793,S1-L_alt,69,5
0.31436086052236784,S1-L_alt,70,5
0.3152809909383361,S1-L_alt,71,5
0.3154513649988763,S1-L_alt,72,5
0.3159785771927398,S1-L_alt,73,5
0.3167088321179752,S1-L_alt,74,5
0.3172357573744759,S1-L_alt,75,5
0.31804793769191936,S1-L_alt,76,5
0.3186679491008736,S1-L_alt,77,5
0.3186544975420387,S1-L_alt,78,5
0.31937228858003364,S1-L_alt,79,5
0.3199514962816343,S1-L_alt,80,5
0.32045976178139635,S1-L_alt,81,5
0.32060260129030915,S1-L_alt,82,5
0.3211642980569458,S1-L_alt,83,5
0.32109991179636266,S1-L_alt,84,5
0.321621568768562,S1-L_alt,85,5
0.32209455723080105,S1-L_alt,86,5
0.3223776844075097,S1-L_alt,87,5
0.3226041679394618,S1-L_alt,88,5
0.3223998731053557,S1-L_alt,89,5
0.32273031259957663,S1-L_alt,90,5
0.3232461736563256,S1-L_alt,91,5
0.3227853770929417,S1-L_alt,92,5
0.3231728384054879,S1-L_alt,93,5
0.3237241983404193,S1-L_alt,94,5
0.3242806025845963,S1-L_alt,95,5
0.3245084136060043,S1-L_alt,96,5
0.32477211831817304,S1-L_alt,97,5
0.3251511382650857,S1-L_alt,98,5
0.32398176838835696,S1-L_alt,99,5
0.3242145217444091,S1-L_alt,100,5
0.3246604104483194,S1-L_alt,101,5
0.32485659882062345,S1-L_alt,102,5
0.3246861010628366,S1-L_alt,103,5
0.3248968409269435,S1-L_alt,104,5
0.3251715157728945,S1-L_alt,105,5
0.3254226016620861,S1-L_alt,106,5
0.32561813771274783,S1-L_alt,107,5
0.32632636819928984,S1-L_alt,108,5
0.325914682692327,S1-L_alt,109,5
0.32622040745198433,S1-L_alt,110,5
0.3259883616123636,S1-L_alt,111,5
0.32694250258362023,S1-L_alt,112,5
0.32721126491860325,S1-L_alt,113,5
0.3268347840438564,S1-L_alt,114,5
0.3263592826719093,S1-L_alt,115,5
0.3264324380601543,S1-L_alt,116,5
0.32669930166170075,S1-L_alt,117,5
0.3269420503861745,S1-L_alt,118,5
0.3269531090026057,S1-L_alt,119,5
0.3271481888441209,S1-L_alt,120,5
0.3279000062234511,S1-L_alt,121,5
0.3283708839782707,S1-L_alt,122,5
0.3287213560857116,S1-L_alt,123,5
0.32791260309348663,S1-L_alt,124,5
0.3274010406718195,S1-L_alt,125,5
0.35101910526682234,S1-L1,126,5
0.3266381537781571,S1-L_alt,126,5
0.17053070916538662,S0-L0,0,6
0.1743554479563223,S1-L0,0,6
0.2162266914891553,S1-L_alt,1,6
0.2435366623554389,S1-L_alt,2,6
0.2576403642528711,S1-L_alt,3,6
0.2759051103571412,S1-L_alt,4,6
0.2876815920169136,S1-L_alt,5,6
0.2986907239289094,S1-L_alt,6,6
0.3075093164096258,S1-L_alt,7,6
0.3107619623365459,S1-L_alt,8,6
0.32003172544459063,S1-L_alt,9,6
0.326335282876209,S1-L_alt,10,6
0.3308640194957092,S1-L_alt,11,6
0.33586903753027314,S1-L_alt,12,6
0.34619158569488206,S1-L_alt,13,6
0.3495582506210404,S1-L_alt,14,6
0.3515609841966965,S1-L_alt,15,6
0.3563191233275376,S1-L_alt,16,6
0.3580289103718032,S1-L_alt,17,6
0.3571836894040261,S1-L_alt,18,6
0.36142348104966304,S1-L_alt,19,6
0.36382996506313303,S1-L_alt,20,6
0.3678207745914929,S1-L_alt,21,6
0.3696387732257791,S1-L_alt,22,6
0.3719254274120414,S1-L_alt,23,6
0.3742722477306616,S1-L_alt,24,6
0.3757963457996201,S1-L_alt,25,6
0.3775662272356701,S1-L_alt,26,6
0.3817375284413012,S1-L_alt,27,6
0.3835927874485695,S1-L_alt,28,6
0.3858697501488139,S1-L_alt,29,6
0.38696886298654,S1-L_alt,30,6
0.3925405658891957,S1-L_alt,31,6
0.3940652327726841,S1-L_alt,32,6
0.3923822268515728,S1-L_alt,33,6
0.3945477372671503,S1-L_alt,34,6
0.3957478777807063,S1-L_alt,35,6
0.3969029044123257,S1-L_alt,36,6
0.3994051766152058,S1-L_alt,37,6
0.4003384699155185,S1-L_alt,38,6
0.4036288284376465,S1-L_alt,39,6
0.40119837908689066,S1-L_alt,40,6
0.4023125728114404,S1-L_alt,41,6
0.4037891095922138,S1-L_alt,42,6
0.4043878878098874,S1-L_alt,43,6
0.4046616329716855,S1-L_alt,44,6
0.4059562971505187,S1-L_alt,45,6
0.4073423478747995,S1-L_alt,46,6
0.4084954349590162,S1-L_alt,47,6
0.4093693124396189,S1-L_alt,48,6
0.4096719821970259,S1-L_alt,49,6
0.4101899964848244,S1-L_alt,50,6
0.4108278454564696,S1-L_alt,51,6
0.41125517226492697,S1-L_alt,52,6
0.41131849246022223,S1-L_alt,53,6
0.4108134089828129,S1-L_alt,54,6
0.4112802135164768,S1-L_alt,55,6
0.4113708567674175,S1-L_alt,56,6
0.4132272084247191,S1-L_alt,57,6
0.41182497253960143,S1-L_alt,58,6
0.4134825332192124,S1-L_alt,59,6
0.41404318501974857,S1-L_alt,60,6
0.416090022418506,S1-L_alt,61,6
0.4162744458696301,S1-L_alt,62,6
0.4166984066523354,S1-L_alt,63,6
0.4177989334366983,S1-L_alt,64,6
0.4183061421717963,S1-L_alt,65,6
0.4215341823235521,S1-L_alt,66,6
0.4226228819814112,S1-L_alt,67,6
0.4226937320708303,S1-L_alt,68,6
0.423159373663391,S1-L_alt,69,6
0.42300194282401615,S1-L_alt,70,6
0.4221413062749108,S1-L_alt,71,6
0.422052013480776,S1-L_alt,72,6
0.4225939483909573,S1-L_alt,73,6
0.4233914649353311,S1-L_alt,74,6
0.4227167186143869,S1-L_alt,75,6
0.4228936451174079,S1-L_alt,76,6
0.4235769911730352,S1-L_alt,77,6
0.4245240053302669,S1-L_alt,78,6
0.4264345172644416,S1-L_alt,79,6
0.4267446628307756,S1-L_alt,80,6
0.4324892807887846,S1-L_alt,81,6
0.43318609954006587,S1-L_alt,82,6
0.4336155312304181,S1-L_alt,83,6
0.4337458453839764,S1-L_alt,84,6
0.4344124724996085,S1-L_alt,85,6
0.43427457422272986,S1-L_alt,86,6
0.43607644456873146,S1-L_alt,87,6
0.4377324561384274,S1-L_alt,88,6
0.4380088463188344,S1-L_alt,89,6
0.4375984843066879,S1-L_alt,90,6
0.4381761488087444,S1-L_alt,91,6
0.4389564729142645,S1-L_alt,92,6
0.43878588317137057,S1-L_alt,93,6
0.43923912888629824,S1-L_alt,94,6
0.4390354874226272,S1-L_alt,95,6
0.4401290279601556,S1-L_alt,96,6
0.4407012664750027,S1-L_alt,97,6
0.4402453398478288,S1-L_alt,98,6
0.44152886917818696,S1-L_alt,99,6
0.44186251146942185,S1-L_alt,100,6
0.4426546660542287,S1-L_alt,101,6
0.4432949084043226,S1-L_alt,102,6
0.443390808695937,S1-L_alt,103,6
0.4442796378838472,S1-L_alt,104,6
0.4442496410686153,S1-L_alt,105,6
0.4455577294514661,S1-L_alt,106,6
0.4459461443693797,S1-L_alt,107,6
0.4463218745783285,S1-L_alt,108,6
0.44667563587681053,S1-L_alt,109,6
0.4462217842379341,S1-L_alt,110,6
0.4465194445256646,S1-L_alt,111,6
0.4462437099801155,S1-L_alt,112,6
0.4466666447205986,S1-L_alt,113,6
0.4446720251334903,S1-L_alt,114,6
0.4449030298079679,S1-L_alt,115,6
0.4447230516040414,S1-L_alt,116,6
0.4439581225556183,S1-L_alt,117,6
0.4436118634312273,S1-L_alt,118,6
0.4441348781315543,S1-L_alt,119,6
0.44595564999109255,S1-L_alt,120,6
0.44448799432427005,S1-L_alt,121,6
0.4445491291621553,S1-L_alt,122,6
0.4451364369010403,S1-L_alt,123,6
0.4460626039082045,S1-L_alt,124,6
0.44680830713847625,S1-L_alt,125,6
0.4814119378956459,S1-L1,126,6
0.4470849426688373,S1-L_alt,126,6
0.14106903780754906,S0-L0,0,7
0.14690038714963502,S1-L0,0,7
0.1791549627249698,S1-L_alt,1,7
0.19464169634555806,S1-L_alt,2,7
0.20923710248364735,S1-L_alt,3,7
0.21711584101358247,S1-L_alt,4,7
0.2268638126879288,S1-L_alt,5,7
0.22981180007024055,S1-L_alt,6,7
0.2346257677764985,S1-L_alt,7,7
0.24324593573709954,S1-L_alt,8,7
0.2467836371055227,S1-L_alt,9,7
0.2521058000123131,S1-L_alt,10,7
0.2501551600165504,S1-L_alt,11,7
0.2560881055948737,S1-L_alt,12,7
0.2621930360347437,S1-L_alt,13,7
0.26812432798576835,S1-L_alt,14,7
0.26903871553143044,S1-L_alt,15,7
0.27263342157653137,S1-L_alt,16,7
0.2758482723687876,S1-L_alt,17,7
0.27684645867552266,S1-L_alt,18,7
0.2798554566845229,S1-L_alt,19,7
0.28255870333256244,S1-L_alt,20,7
0.28384295292849226,S1-L_alt,21,7
0.2870036901551062,S1-L_alt,22,7
0.2889192602607343,S1-L_alt,23,7
0.2907349287063053,S1-L_alt,24,7
0.2922445911753634,S1-L_alt,25,7
0.2937903417237326,S1-L_alt,26,7
0.29603265966863845,S1-L_alt,27,7
0.29737228464204896,S1-L_alt,28,7
0.2962281186396029,S1-L_alt,29,7
0.2985564648961956,S1-L_alt,30,7
0.300004866608399,S1-L_alt,31,7
0.30300945027904336,S1-L_alt,32,7
0.3042103816752938,S1-L_alt,33,7
0.305382264260823,S1-L_alt,34,7
0.3062296702358183,S1-L_alt,35,7
0.3074649737018799,S1-L_alt,36,7
0.3096795900997381,S1-L_alt,37,7
0.31099220088777074,S1-L_alt,38,7
0.3152786479757144,S1-L_alt,39,7
0.3162461715966731,S1-L_alt,40,7
0.3163824828401212,S1-L_alt,41,7
0.3116718698984369,S1-L_alt,42,7
0.3140189908896635,S1-L_alt,43,7
0.31579473637114963,S1-L_alt,44,7
0.31696437024581703,S1-L_alt,45,7
0.32160667625807393,S1-L_alt,46,7
0.32266046417978245,S1-L_alt,47,7
0.3233612587968341,S1-L_alt,48,7
0.32427260125523183,S1-L_alt,49,7
0.3258876056145887,S1-L_alt,50,7
0.32726758765811403,S1-L_alt,51,7
0.3284518412009061,S1-L_alt,52,7
0.32932713611684905,S1-L_alt,53,7
0.3301621729827962,S1-L_alt,54,7
0.3281810750579388,S1-L_alt,55,7
0.3285847614639436,S1-L_alt,56,7
0.3292173280045585,S1-L_alt,57,7
0.33005668504943075,S1-L_alt,58,7
0.3320526086215747,S1-L_alt,59,7
0.3333209160598212,S1-L_alt,60,7
0.3337301883308934,S1-L_alt,61,7
0.33586967144620244,S1-L_alt,62,7
0.3370038651922433,S1-L_alt,63,7
0.3377880976672437,S1-L_alt,64,7
0.33851234289699245,S1-L_alt,65,7
0.3368118983593433,S1-L_alt,66,7
0.3370722319876348,S1-L_alt,67,7
0.3378321519352231,S1-L_alt,68,7
0.3385994259060893,S1-L_alt,69,7
0.33917777103609964,S1-L_alt,70,7
0.3396143590950552,S1-L_alt,71,7
0.34217960075273524,S1-L_alt,72,7
0.3401554266342034,S1-L_alt,73,7
0.3379152067072168,S1-L_alt,74,7
0.3383976284656099,S1-L_alt,75,7
0.3384343009060929,S1-L_alt,76,7
0.3399362954116457,S1-L_alt,77,7
0.34160979697158284,S1-L_alt,78,7
0.34035518625670264,S1-L_alt,79,7
0.3410093211702204,S1-L_alt,80,7
0.34165985454071857,S1-L_alt,81,7
0.3433349867970382,S1-L_alt,82,7
0.34399696778690425,S1-L_alt,83,7
0.34424707509803143,S1-L_alt,84,7
0.3448417738487002,S1-L_alt,85,7
0.3453850265303827,S1-L_alt,86,7
0.3456838044419619,S1-L_alt,87,7
0.3461642077188792,S1-L_alt,88,7
0.3464455273984393,S1-L_alt,89,7
0.3464254167855421,S1-L_alt,90,7
0.34661113853941883,S1-L_alt,91,7
0.34707027584150146,S1-L_alt,92,7
0.3475778368471821,S1-L_alt,93,7
0.34781777105548606,S1-L_alt,94,7
0.3482551935617163,S1-L_alt,95,7
0.3484453067513688,S1-L_alt,96,7
0.34926404561940017,S1-L_alt,97,7
0.3499575127595008,S1-L_alt,98,7
0.3505012357194733,S1-L_alt,99,7
0.3512966370253659,S1-L_alt,100,7
0.3515639538244625,S1-L_alt,101,7
0.35094664657152674,S1-L_alt,102,7
0.3513596134389805,S1-L_alt,103,7
0.351630034928721,S1-L_alt,104,7
0.35214662731291085,S1-L_alt,105,7
0.3525252267050331,S1-L_alt,106,7
0.3529268048174046,S1-L_alt,107,7
0.3533082589933396,S1-L_alt,108,7
0.35367398590577537,S1-L_alt,109,7
0.3542725671568862,S1-L_alt,110,7
0.3546287577581493,S1-L_alt,111,7
0.3561386046432456,S1-L_alt,112,7
0.35699728854849283,S1-L_alt,113,7
0.3572250986099636,S1-L_alt,114,7
0.35756725557108715,S1-L_alt,115,7
0.35747099101449903,S1-L_alt,116,7
0.3550518002865002,S1-L_alt,117,7
0.3567205064761051,S1-L_alt,118,7
0.3562801232406889,S1-L_alt,119,7
0.35682903767244206,S1-L_alt,120,7
0.3571359924728928,S1-L_alt,121,7
0.3557072315058051,S1-L_alt,122,7
0.3563476588368416,S1-L_alt,123,7
0.35653271874401915,S1-L_alt,124,7
0.3564561729619209,S1-L_alt,125,7
0.4176144742008359,S1-L1,126,7
0.3568214391578621,S1-L_alt,126,7
0.15479666003905634,S0-L0,0,8
0.16982224078920613,S1-L0,0,8
0.20014777002471754,S1-L_alt,1,8
0.21363202873418924,S1-L_alt,2,8
0.2259579451178748,S1-L_alt,3,8
0.2364624376464313,S1-L_alt,4,8
0.2421639851926203,S1-L_alt,5,8
0.24813090131959675,S1-L_alt,6,8
0.25442687913048645,S1-L_alt,7,8
0.2588468257440001,S1-L_alt,8,8
0.2636404152052633,S1-L_alt,9,8
0.2680495833354828,S1-L_alt,10,8
0.27501798610735523,S1-L_alt,11,8
0.2749895815050846,S1-L_alt,12,8
0.27754917557739045,S1-L_alt,13,8
0.28032520777798065,S1-L_alt,14,8
0.2826129895071578,S1-L_alt,15,8
0.2828461922121251,S1-L_alt,16,8
0.2845832141934365,S1-L_alt,17,8
0.2872455313703854,S1-L_alt,18,8
0.2898995810683049,S1-L_alt,19,8
0.2897367113469128,S1-L_alt,20,8
0.29153941506543524,S1-L_alt,21,8
0.29362918478669164,S1-L_alt,22,8
0.2943024841498709,S1-L_alt,23,8
0.29714194533133464,S1-L_alt,24,8
0.2958912006563741,S1-L_alt,25,8
0.29742915118800056,S1-L_alt,26,8
0.2985003030925309,S1-L_alt,27,8
0.2992368169453413,S1-L_alt,28,8
0.301201136487657,S1-L_alt,29,8
0.3017063306994542,S1-L_alt,30,8
0.3028418332238603,S1-L_alt,31,8
0.303781235386284,S1-L_alt,32,8
0.3043054265180376,S1-L_alt,33,8
0.3051591000697086,S1-L_alt,34,8
0.3054585350094142,S1-L_alt,35,8
0.30460741538499986,S1-L_alt,36,8
0.3050289018753654,S1-L_alt,37,8
0.30593869325807715,S1-L_alt,38,8
0.3066408599271691,S1-L_alt,39,8
0.30731630390935594,S1-L_alt,40,8
0.3087687523275385,S1-L_alt,41,8
0.3096063578637061,S1-L_alt,42,8
0.31063419152469096,S1-L_alt,43,8
0.3115151812258781,S1-L_alt,44,8
0.311720639554937,S1-L_alt,45,8
0.31267169538475736,S1-L_alt,46,8
0.3126459289113867,S1-L_alt,47,8
0.3117318092952938,S1-L_alt,48,8
0.31270533192228483,S1-L_alt,49,8
0.3131981895567316,S1-L_alt,50,8
0.31323964849933705,S1-L_alt,51,8
0.314142883018568,S1-L_alt,52,8
0.31264854433592004,S1-L_alt,53,8
0.3138299263177013,S1-L_alt,54,8
0.3143814466576733,S1-L_alt,55,8
0.3141158626251375,S1-L_alt,56,8
0.3154992554359779,S1-L_alt,57,8
0.3159686148554757,S1-L_alt,58,8
0.3163029007069035,S1-L_alt,59,8
0.31705168537612943,S1-L_alt,60,8
0.3168512783300068,S1-L_alt,61,8
0.31690117215294344,S1-L_alt,62,8
0.3177046908766528,S1-L_alt,63,8
0.3181441232615373,S1-L_alt,64,8
0.3185974940142878,S1-L_alt,65,8
0.3183883331851245,S1-L_alt,66,8
0.3184400922160728,S1-L_alt,67,8
0.3188125937666823,S1-L_alt,68,8
0.31813991811643044,S1-L_alt,69,8
0.3180046536126972,S1-L_alt,70,8
0.3185738626120387,S1-L_alt,71,8
0.3190814466039949,S1-L_alt,72,8
0.31915008960199504,S1-L_alt,73,8
0.3192254130376528,S1-L_alt,74,8
0.3194926921612104,S1-L_alt,75,8
0.31872406234555395,S1-L_alt,76,8
0.3192154708524602,S1-L_alt,77,8
0.3193221247523745,S1-L_alt,78,8
0.3193622865535785,S1-L_alt,79,8
0.32002528248321177,S1-L_alt,80,8
0.31986111787308913,S1-L_alt,81,8
0.3191505016963093,S1-L_alt,82,8
0.3193068169654679,S1-L_alt,83,8
0.31880662277326066,S1-L_alt,84,8
0.3191163965364771,S1-L_alt,85,8
0.3193081877496515,S1-L_alt,86,8
0.31972633373659715,S1-L_alt,87,8
0.3203115725324477,S1-L_alt,88,8
0.3205328627445055,S1-L_alt,89,8
0.32065521414804193,S1-L_alt,90,8
0.32040996365266605,S1-L_alt,91,8
0.3205866803487035,S1-L_alt,92,8
0.3209652083789835,S1-L_alt,93,8
0.32124517175915346,S1-L_alt,94,8
0.32166037408010056,S1-L_alt,95,8
0.32207034827249503,S1-L_alt,96,8
0.3228821472028316,S1-L_alt,97,8
0.3228571963319809,S1-L_alt,98,8
0.3228570198369334,S1-L_alt,99,8
0.3224966468734786,S1-L_alt,100,8
0.322940830163536,S1-L_alt,101,8
0.32338088857826475,S1-L_alt,102,8
0.3236226515607277,S1-L_alt,103,8
0.3249837516712221,S1-L_alt,104,8
0.32520964805696395,S1-L_alt,105,8
0.32645838566396634,S1-L_alt,106,8
0.3268010584784051,S1-L_alt,107,8
0.3271886845658117,S1-L_alt,108,8
0.32733252250406475,S1-L_alt,109,8
0.3276944114965319,S1-L_alt,110,8
0.3279611451013514,S1-L_alt,111,8
0.3284153778697874,S1-L_alt,112,8
0.3286515780859712,S1-L_alt,113,8
0.3284020110271577,S1-L_alt,114,8
0.32889513180112123,S1-L_alt,115,8
0.3286706591714981,S1-L_alt,116,8
0.3287432265566491,S1-L_alt,117,8
0.3292091653134839,S1-L_alt,118,8
0.3289423822443612,S1-L_alt,119,8
0.3291292437369565,S1-L_alt,120,8
0.3296365253252387,S1-L_alt,121,8
0.3298324831922754,S1-L_alt,122,8
0.33004045102771085,S1-L_alt,123,8
0.3296835366953305,S1-L_alt,124,8
0.3295843045408537,S1-L_alt,125,8
0.3627728523909925,S1-L1,126,8
0.329930423444026,S1-L_alt,126,8
0.14422880282847006,S0-L0,0,9
0.1550990494964656,S1-L0,0,9
0.18172657229792627,S1-L_alt,1,9
0.2000114273239165,S1-L_alt,2,9
0.2096408048986372,S1-L_alt,3,9
0.21655510568440653,S1-L_alt,4,9
0.22367928559783828,S1-L_alt,5,9
0.22732745002425225,S1-L_alt,6,9
0.2331985496718677,S1-L_alt,7,9
0.2382424236031919,S1-L_alt,8,9
0.24155501374589985,S1-L_alt,9,9
0.2424808190527989,S1-L_alt,10,9
0.2463967658916788,S1-L_alt,11,9
0.2486570240651649,S1-L_alt,12,9
0.2490906162228127,S1-L_alt,13,9
0.2513110437252213,S1-L_alt,14,9
0.2537809548509417,S1-L_alt,15,9
0.2548313934998111,S1-L_alt,16,9
0.2567924909661441,S1-L_alt,17,9
0.2600715033064153,S1-L_alt,18,9
0.2610357954930759,S1-L_alt,19,9
0.262576714364798,S1-L_alt,20,9
0.26220561324330705,S1-L_alt,21,9
0.2635405807829311,S1-L_alt,22,9
0.2666182369537522,S1-L_alt,23,9
0.27023389956380184,S1-L_alt,24,9
0.2712236232093889,S1-L_alt,25,9
0.2721432083288485,S1-L_alt,26,9
0.2723930124650582,S1-L_alt,27,9
0.2741432555784656,S1-L_alt,28,9
0.2734966915304265,S1-L_alt,29,9
0.2737123559189519,S1-L_alt,30,9
0.2743276926542956,S1-L_alt,31,9
0.2754011755935861,S1-L_alt,32,9
0.2763337703709459,S1-L_alt,33,9
0.2752343754452188,S1-L_alt,34,9
0.27653892181465045,S1-L_alt,35,9
0.27661620518019314,S1-L_alt,36,9
0.2775302490300759,S1-L_alt,37,9
0.2776756118981546,S1-L_alt,38,9
0.2787322022062689,S1-L_alt,39,9
0.27969986895905136,S1-L_alt,40,9
0.2801356542189041,S1-L_alt,41,9
0.2793584703911005,S1-L_alt,42,9
0.27976256572892777,S1-L_alt,43,9
0.2810950548986408,S1-L_alt,44,9
0.2816738778559834,S1-L_alt,45,9
0.2812554736380199,S1-L_alt,46,9
0.2820477224454969,S1-L_alt,47,9
0.2828182635785717,S1-L_alt,48,9
0.2829298953524724,S1-L_alt,49,9
0.2831914111002276,S1-L_alt,50,9
0.2837143256994581,S1-L_alt,51,9
0.2843400917094835,S1-L_alt,52,9
0.2849056193634311,S1-L_alt,53,9
0.2864015204987048,S1-L_alt,54,9
0.2855016135970273,S1-L_alt,55,9
0.2869526186080084,S1-L_alt,56,9
0.28754434176811905,S1-L_alt,57,9
0.2894349056643545,S1-L_alt,58,9
0.2901400324097612,S1-L_alt,59,9
0.2899852497461156,S1-L_alt,60,9
0.28995189621959816,S1-L_alt,61,9
0.2903362489447009,S1-L_alt,62,9
0.28994798284990264,S1-L_alt,63,9
0.29047350429430696,S1-L_alt,64,9
0.2905604625382466,S1-L_alt,65,9
0.2911195383451505,S1-L_alt,66,9
0.2885715979250212,S1-L_alt,67,9
0.2889201976564219,S1-L_alt,68,9
0.2903330208287973,S1-L_alt,69,9
0.2904447947277312,S1-L_alt,70,9
0.2910708169549261,S1-L_alt,71,9
0.2911246964408024,S1-L_alt,72,9
0.2909451605616122,S1-L_alt,73,9
0.29079509747291465,S1-L_alt,74,9
0.29123729343053284,S1-L_alt,75,9
0.2916168798030416,S1-L_alt,76,9
0.29069125632394555,S1-L_alt,77,9
0.2913562334420401,S1-L_alt,78,9
0.291770591378997,S1-L_alt,79,9
0.29162990442872444,S1-L_alt,80,9
0.29208707098807113,S1-L_alt,81,9
0.2927679512615076,S1-L_alt,82,9
0.2934973350339931,S1-L_alt,83,9
0.2940775755988941,S1-L_alt,84,9
0.2937127672433123,S1-L_alt,85,9
0.2939657774166282,S1-L_alt,86,9
0.29457228719923423,S1-L_alt,87,9
0.2941267131438228,S1-L_alt,88,9
0.29415359096768323,S1-L_alt,89,9
0.2932931440717613,S1-L_alt,90,9
0.2938531112888094,S1-L_alt,91,9
0.2945370393075057,S1-L_alt,92,9
0.2959491450457761,S1-L_alt,93,9
0.2966879712369668,S1-L_alt,94,9
0.29725101580385704,S1-L_alt,95,9
0.2976818578518662,S1-L_alt,96,9
0.2970516167599622,S1-L_alt,97,9
0.2974842857970537,S1-L_alt,98,9
0.2968469410293736,S1-L_alt,99,9
0.29730796991975944,S1-L_alt,100,9
0.2969603447810303,S1-L_alt,101,9
0.29644848176884026,S1-L_alt,102,9
0.29688983153974546,S1-L_alt,103,9
0.2970962595208824,S1-L_alt,104,9
0.29706778540549705,S1-L_alt,105,9
0.2974223964091256,S1-L_alt,106,9
0.2976243860912345,S1-L_alt,107,9
0.2976656774096126,S1-L_alt,108,9
0.29785497238238945,S1-L_alt,109,9
0.2982704310958914,S1-L_alt,110,9
0.29855637502782995,S1-L_alt,111,9
0.2988401936431613,S1-L_alt,112,9
0.2989553796545285,S1-L_alt,113,9
0.2993977324036705,S1-L_alt,114,9
0.3000495024561458,S1-L_alt,115,9
0.3002825229711376,S1-L_alt,116,9
0.3006411242231649,S1-L_alt,117,9
0.3006674588407819,S1-L_alt,118,9
0.3008376556579215,S1-L_alt,119,9
0.3006664903233894,S1-L_alt,120,9
0.3003567557013018,S1-L_alt,121,9
0.3004302428482054,S1-L_alt,122,9
0.3006873194109027,S1-L_alt,123,9
0.3009464065117069,S1-L_alt,124,9
0.30121563681465124,S1-L_alt,125,9
0.33607049061576233,S1-L1,126,9
0.3014308261482201,S1-L_alt,126,9
0.2164207710563317,S0-L0,0,10
0.22871483025414566,S1-L0,0,10
0.2613043490759361,S1-L_alt,1,10
0.2792072358667277,S1-L_alt,2,10
0.30104517546123977,S1-L_alt,3,10
0.3151602132196602,S1-L_alt,4,10
0.3257442223802105,S1-L_alt,5,10
0.33496881146313034,S1-L_alt,6,10
0.3449048916802128,S1-L_alt,7,10
0.34913871175560746,S1-L_alt,8,10
0.3532922179681489,S1-L_alt,9,10
0.3614714437792849,S1-L_alt,10,10
0.36596136125496415,S1-L_alt,11,10
0.3699880430340902,S1-L_alt,12,10
0.36927533675432456,S1-L_alt,13,10
0.3726826336403915,S1-L_alt,14,10
0.3752276284354955,S1-L_alt,15,10
0.3769073134467854,S1-L_alt,16,10
0.3782292066414572,S1-L_alt,17,10
0.3794094824948453,S1-L_alt,18,10
0.3810250931966143,S1-L_alt,19,10
0.3824563903812345,S1-L_alt,20,10
0.3864814234742876,S1-L_alt,21,10
0.3888003630252011,S1-L_alt,22,10
0.39010299050582986,S1-L_alt,23,10
0.3905819887939353,S1-L_alt,24,10
0.3905026332633272,S1-L_alt,25,10
0.3913774493592764,S1-L_alt,26,10
0.3924631007401769,S1-L_alt,27,10
0.3910506828345948,S1-L_alt,28,10
0.3938051172295973,S1-L_alt,29,10
0.394758316987826,S1-L_alt,30,10
0.3981876173411847,S1-L_alt,31,10
0.39811070081714783,S1-L_alt,32,10
0.3988322137206074,S1-L_alt,33,10
0.3990491497642144,S1-L_alt,34,10
0.40028065326476975,S1-L_alt,35,10
0.40171403722267307,S1-L_alt,36,10
0.4019973774812229,S1-L_alt,37,10
0.40379357042671293,S1-L_alt,38,10
0.4051566603063512,S1-L_alt,39,10
0.4071947246671113,S1-L_alt,40,10
0.4081956041953961,S1-L_alt,41,10
0.4100585864574897,S1-L_alt,42,10
0.4158661470576611,S1-L_alt,43,10
0.4188884463493271,S1-L_alt,44,10
0.4207823258862803,S1-L_alt,45,10
0.4219773482756599,S1-L_alt,46,10
0.4227159544195975,S1-L_alt,47,10
0.4230012760757338,S1-L_alt,48,10
0.4238903658683698,S1-L_alt,49,10
0.42451156020240255,S1-L_alt,50,10
0.42525498905292,S1-L_alt,51,10
0.4267939096501895,S1-L_alt,52,10
0.4274069462229929,S1-L_alt,53,10
0.4279057661510869,S1-L_alt,54,10
0.429098118884971,S1-L_alt,55,10
0.4304878362587696,S1-L_alt,56,10
0.4309687385063517,S1-L_alt,57,10
0.4314068326165261,S1-L_alt,58,10
0.4278371116116548,S1-L_alt,59,10
0.4285053379114128,S1-L_alt,60,10
0.4276891875798684,S1-L_alt,61,10
0.4281350019173025,S1-L_alt,62,10
0.4280967838074856,S1-L_alt,63,10
0.4286920234294507,S1-L_alt,64,10
0.4288448158799948,S1-L_alt,65,10
0.42967342437578027,S1-L_alt,66,10
0.4306531986744399,S1-L_alt,67,10
0.4322634090645899,S1-L_alt,68,10
0.4332567056105134,S1-L_alt,69,10
0.43472705711754345,S1-L_alt,70,10
0.4353320100030579,S1-L_alt,71,10
0.43568554816544,S1-L_alt,72,10
0.4362267685984101,S1-L_alt,73,10
0.4366458326961961,S1-L_alt,74,10
0.4370034655398503,S1-L_alt,75,10
0.43822086857464176,S1-L_alt,76,10
0.4385986566208159,S1-L_alt,77,10
0.4402383993484543,S1-L_alt,78,10
0.4407039029930743,S1-L_alt,79,10
0.4396982346361768,S1-L_alt,80,10
0.4398694373227746,S1-L_alt,81,10
0.441349193923628,S1-L_alt,82,10
0.4421667816572791,S1-L_alt,83,10
0.4427209249223348,S1-L_alt,84,10
0.4430493097083882,S1-L_alt,85,10
0.4438089058657356,S1-L_alt,86,10
0.4441290862446381,S1-L_alt,87,10
0.44419199221968775,S1-L_alt,88,10
0.4440401741639821,S1-L_alt,89,10
0.443862454040142,S1-L_alt,90,10
0.4435737867122861,S1-L_alt,91,10
0.44293499020568894,S1-L_alt,92,10
0.4433855657322629,S1-L_alt,93,10
0.4436997110194713,S1-L_alt,94,10
0.4439882114746316,S1-L_alt,95,10
0.4445425851191052,S1-L_alt,96,10
0.4455736742429805,S1-L_alt,97,10
0.4470110803634329,S1-L_alt,98,10
0.4475135381141394,S1-L_alt,99,10
0.4478782528416395,S1-L_alt,100,10
0.4481716768990178,S1-L_alt,101,10
0.4482392885129,S1-L_alt,102,10
0.4485562240678728,S1-L_alt,103,10
0.4487552228145514,S1-L_alt,104,10
0.4493909866145578,S1-L_alt,105,10
0.4498206846523283,S1-L_alt,106,10
0.44963203906410576,S1-L_alt,107,10
0.4501310723865564,S1-L_alt,108,10
0.4505768400338772,S1-L_alt,109,10
0.45105091358793103,S1-L_alt,110,10
0.4514876486100189,S1-L_alt,111,10
0.4518700094979375,S1-L_alt,112,10
0.451448896120765,S1-L_alt,113,10
0.4519030421492435,S1-L_alt,114,10
0.4522957854826803,S1-L_alt,115,10
0.4521906422465616,S1-L_alt,116,10
0.4525302368527156,S1-L_alt,117,10
0.4528789681545847,S1-L_alt,118,10
0.4545203601291854,S1-L_alt,119,10
0.454890926918754,S1-L_alt,120,10
0.4552593050725229,S1-L_alt,121,10
0.4553205138596088,S1-L_alt,122,10
0.4555974942367743,S1-L_alt,123,10
0.4559765969383327,S1-L_alt,124,10
0.4567763954427731,S1-L_alt,125,10
0.5051077078015355,S1-L1,126,10
0.4558544004832593,S1-L_alt,126,10
